chain, residue_label, residue_name, score, zscore, probability, pocket
A, 2399, LYS,  0.1857,  -0.2760,   0.0061, 0
A, 2400, ASP,  0.2303,  -0.2511,   0.0087, 0
A, 2401, LEU,  0.1156,  -0.3150,   0.0029, 0
A, 2402, MET,  0.0665,  -0.3424,   0.0014, 0
A, 2403, SER,  0.0195,  -0.3686,   0.0005, 0
A, 2404, SER,  0.2167,  -0.2587,   0.0079, 0
A, 2405, LEU,  0.2257,  -0.2536,   0.0084, 0
A, 2406, GLN,  0.0584,  -0.3469,   0.0012, 0
A, 2407, SER,  0.2504,  -0.2399,   0.0101, 0
A, 2408, ALA,  0.4340,  -0.1375,   0.0275, 0
A, 2409, ARG,  0.8635,   0.1019,   0.1062, 0
A, 2410, ASP,  0.0201,  -0.3683,   0.0005, 0
A, 2411, LEU,  0.2793,  -0.2238,   0.0123, 0
A, 2412, GLN,  0.5492,  -0.0734,   0.0432, 0
A, 2413, ASP,  0.0809,  -0.3344,   0.0018, 0
A, 2414, MET,  0.1095,  -0.3184,   0.0027, 0
A, 2415, ARG,  0.6713,  -0.0053,   0.0640, 0
A, 2416, ILE,  0.4238,  -0.1432,   0.0263, 0
A, 2417, LYS,  0.0886,  -0.3301,   0.0020, 0
A, 2418, ASN,  0.0637,  -0.3439,   0.0013, 0
A, 2419, LYS,  0.5365,  -0.0804,   0.0413, 0
A, 2420, GLU,  0.2635,  -0.2326,   0.0111, 0
A, 2421, ARG,  0.0762,  -0.3370,   0.0016, 0
A, 2422, ARG,  0.3508,  -0.1840,   0.0185, 0
A, 2423, HIS,  0.1560,  -0.2925,   0.0046, 0
A, 2424, LEU,  0.4834,  -0.1100,   0.0337, 0
A, 2425, ARG,  0.4877,  -0.1076,   0.0343, 0
A, 2426, LEU,  0.2927,  -0.2163,   0.0134, 0
A, 2427, GLN,  0.2329,  -0.2496,   0.0089, 0
A, 2428, PRO,  0.1197,  -0.3127,   0.0030, 0
A, 2429, GLY,  0.0166,  -0.3702,   0.0004, 0
A, 2430, SER,  0.0518,  -0.3506,   0.0011, 0
A, 2431, LEU,  0.9131,   0.1295,   0.1185, 0
A, 2432, TYR,  0.2151,  -0.2596,   0.0078, 0
A, 2433, LEU,  0.1270,  -0.3086,   0.0033, 0
A, 2434, THR,  0.2307,  -0.2508,   0.0088, 0
A, 2435, LYS,  1.1836,   0.2803,   0.1916, 1
A, 2436, SER,  0.2213,  -0.2561,   0.0082, 0
A, 2437, SER,  0.0787,  -0.3356,   0.0017, 0
A, 2438, THR,  0.0181,  -0.3694,   0.0005, 0
A, 2439, LEU,  0.0648,  -0.3433,   0.0014, 0
A, 2440, PRO,  0.0584,  -0.3469,   0.0012, 0
A, 2441, ARG,  0.4746,  -0.1149,   0.0325, 0
A, 2442, ILE,  0.4227,  -0.1438,   0.0262, 0
A, 2443, SER,  0.4317,  -0.1388,   0.0272, 0
A, 2444, LEU,  1.9035,   0.6815,   0.3899, 1
A, 2445, GLN,  0.2997,  -0.2124,   0.0139, 0
A, 2446, ALA,  0.0417,  -0.3562,   0.0008, 0
A, 2447, ALA,  0.6258,  -0.0307,   0.0557, 0
A, 2448, VAL,  0.8645,   0.1024,   0.1064, 0
A, 2449, GLY,  0.0106,  -0.3736,   0.0004, 0
A, 2450, ASP,  0.0297,  -0.3629,   0.0006, 0
A, 2451, ARG,  0.0730,  -0.3388,   0.0016, 0
A, 2452, ALA,  0.0991,  -0.3242,   0.0023, 0
A, 2453, PRO,  0.5508,  -0.0724,   0.0434, 4
A, 2454, SER,  0.4094,  -0.1512,   0.0246, 0
A, 2455, ALA,  1.1908,   0.2843,   0.1936, 0
A, 2456, CYS,  0.2129,  -0.2608,   0.0076, 0
A, 2457, SER,  0.2515,  -0.2393,   0.0102, 0
A, 2458, PRO,  0.4442,  -0.1318,   0.0287, 0
A, 2459, LYS,  0.8883,   0.1157,   0.1122, 0
A, 2460, GLN,  0.1057,  -0.3206,   0.0025, 0
A, 2461, LEU,  0.8732,   0.1072,   0.1086, 0
A, 2462, TYR,  1.1352,   0.2533,   0.1780, 0
A, 2463, ILE,  0.1548,  -0.2932,   0.0045, 0
A, 2464, TYR,  0.4322,  -0.1386,   0.0273, 0
A, 2465, GLY,  0.1938,  -0.2714,   0.0065, 0
A, 2466, VAL,  0.8685,   0.1047,   0.1074, 0
A, 2467, SER,  0.2415,  -0.2448,   0.0095, 0
A, 2468, LYS,  0.1250,  -0.3098,   0.0033, 0
A, 2469, GLU,  0.5765,  -0.0581,   0.0475, 0
A, 2470, CYS,  1.0029,   0.1796,   0.1417, 0
A, 2471, ILE,  1.2647,   0.3255,   0.2148, 0
A, 2472, ASN,  0.2574,  -0.2360,   0.0106, 0
A, 2473, VAL,  0.4506,  -0.1283,   0.0295, 0
A, 2474, ASN,  0.3670,  -0.1749,   0.0201, 0
A, 2475, SER,  0.2002,  -0.2679,   0.0069, 0
A, 2476, LYS,  0.0588,  -0.3467,   0.0012, 0
A, 2477, ASN,  0.0739,  -0.3382,   0.0016, 0
A, 2478, ALA,  0.0144,  -0.3715,   0.0004, 0
A, 2479, GLU,  0.3892,  -0.1625,   0.0224, 5
A, 2480, TYR,  0.1051,  -0.3209,   0.0025, 0
A, 2481, PHE,  0.8456,   0.0919,   0.1018, 0
A, 2482, GLN,  0.3658,  -0.1756,   0.0200, 0
A, 2483, PHE,  1.2621,   0.3240,   0.2141, 0
A, 2484, ASP,  0.8648,   0.1026,   0.1065, 0
A, 2485, ILE,  0.5758,  -0.0585,   0.0474, 0
A, 2486, GLN,  0.0094,  -0.3742,   0.0003, 0
A, 2487, ASP,  0.0661,  -0.3426,   0.0014, 0
A, 2488, HIS,  0.5607,  -0.0669,   0.0449, 0
A, 2489, PHE,  0.8178,   0.0764,   0.0953, 0
A, 2490, GLY,  0.0106,  -0.3735,   0.0004, 0
A, 2491, LYS,  0.0712,  -0.3398,   0.0015, 0
A, 2492, GLU,  0.1703,  -0.2845,   0.0053, 0
A, 2493, ASP,  0.1330,  -0.3053,   0.0036, 0
A, 2494, LEU,  0.1548,  -0.2932,   0.0045, 0
A, 2495, CYS,  0.0784,  -0.3357,   0.0017, 0
A, 2496, ALA,  0.0665,  -0.3424,   0.0014, 0
A, 2497, GLY,  0.3227,  -0.1996,   0.0159, 0
A, 2498, LYS,  0.5526,  -0.0714,   0.0437, 0
A, 2499, GLY,  0.3276,  -0.1969,   0.0164, 0
A, 2500, PHE,  0.9577,   0.1544,   0.1298, 0
A, 2501, GLN,  0.1825,  -0.2777,   0.0059, 0
A, 2502, LEU,  0.7986,   0.0657,   0.0909, 0
A, 2503, ALA,  0.0470,  -0.3533,   0.0010, 0
A, 2504, ASP,  0.0810,  -0.3343,   0.0018, 0
A, 2505, GLY,  0.1347,  -0.3044,   0.0036, 0
A, 2506, GLY,  0.1462,  -0.2980,   0.0042, 0
A, 2507, TRP,  0.5348,  -0.0814,   0.0410, 0
A, 2508, LEU,  0.8200,   0.0776,   0.0958, 0
A, 2509, ILE,  0.6578,  -0.0128,   0.0615, 0
A, 2510, PRO,  0.8883,   0.1157,   0.1122, 0
A, 2511, SER,  0.3464,  -0.1864,   0.0181, 0
A, 2512, ASN,  0.2228,  -0.2553,   0.0082, 0
A, 2513, ASP,  0.0249,  -0.3656,   0.0006, 0
A, 2514, GLY,  0.0044,  -0.3770,   0.0003, 0
A, 2515, LYS,  0.1349,  -0.3042,   0.0037, 0
A, 2516, ALA,  0.5467,  -0.0747,   0.0428, 0
A, 2517, GLY,  0.0044,  -0.3770,   0.0003, 0
A, 2518, LYS,  0.0184,  -0.3692,   0.0005, 0
A, 2519, GLU,  0.0910,  -0.3288,   0.0021, 0
A, 2520, GLU,  0.1778,  -0.2803,   0.0056, 0
A, 2521, PHE,  0.5736,  -0.0597,   0.0470, 0
A, 2522, TYR,  0.3758,  -0.1700,   0.0210, 0
A, 2523, ARG,  0.7806,   0.0557,   0.0869, 0
A, 2524, ALA,  0.0268,  -0.3645,   0.0006, 0
A, 2525, LEU,  0.2221,  -0.2557,   0.0082, 0
A, 2526, CYS,  0.4601,  -0.1230,   0.0306, 0
A, 2527, ASP,  0.4373,  -0.1357,   0.0279, 0
A, 2528, THR,  0.3275,  -0.1969,   0.0164, 0
A, 2529, PRO,  0.3959,  -0.1588,   0.0231, 0
A, 2530, GLY,  0.3503,  -0.1842,   0.0185, 0
A, 2531, VAL,  0.4253,  -0.1424,   0.0265, 0
A, 2532, ASP,  0.2804,  -0.2232,   0.0124, 0
A, 2533, PRO,  0.4495,  -0.1289,   0.0294, 0
A, 2534, LYS,  0.1875,  -0.2750,   0.0062, 0
A, 2535, LEU,  0.3401,  -0.1899,   0.0176, 0
A, 2536, ILE,  0.3112,  -0.2060,   0.0149, 0
A, 2537, SER,  0.1497,  -0.2960,   0.0043, 0
A, 2538, SER,  0.0535,  -0.3497,   0.0011, 0
A, 2539, ILE,  0.2544,  -0.2377,   0.0104, 0
A, 2540, TRP,  0.7741,   0.0520,   0.0854, 0
A, 2541, VAL,  0.2281,  -0.2523,   0.0086, 0
A, 2542, ALA,  0.2601,  -0.2345,   0.0108, 5
A, 2543, ASN,  0.6504,  -0.0169,   0.0601, 5
A, 2544, HIS,  0.4297,  -0.1400,   0.0270, 0
A, 2545, TYR,  0.1535,  -0.2939,   0.0045, 0
A, 2546, ARG,  0.7695,   0.0495,   0.0844, 5
A, 2547, TRP,  2.3196,   0.9135,   0.4848, 1
A, 2548, ILE,  1.1423,   0.2573,   0.1800, 0
A, 2549, VAL,  0.5119,  -0.0941,   0.0376, 0
A, 2550, TRP,  5.8727,   2.8940,   0.8745, 1
A, 2551, LYS,  4.8811,   2.3413,   0.8164, 1
A, 2552, LEU,  1.3046,   0.3477,   0.2263, 0
A, 2553, ALA,  0.6634,  -0.0097,   0.0625, 0
A, 2554, ALA,  1.3942,   0.3977,   0.2521, 1
A, 2555, MET,  2.4829,   1.0045,   0.5187, 4
A, 2556, GLU,  1.1511,   0.2622,   0.1825, 0
A, 2557, PHE,  2.1771,   0.8340,   0.4540, 1
A, 2558, ALA,  1.4620,   0.4354,   0.2718, 1
A, 2559, PHE,  1.7732,   0.6089,   0.3568, 4
A, 2560, PRO,  0.9004,   0.1224,   0.1152, 0
A, 2561, LYS,  0.1739,  -0.2825,   0.0054, 0
A, 2562, GLU,  0.2182,  -0.2578,   0.0080, 0
A, 2563, PHE,  1.2220,   0.3017,   0.2025, 4
A, 2564, ALA,  0.1168,  -0.3144,   0.0029, 0
A, 2565, ASN,  0.1641,  -0.2880,   0.0050, 0
A, 2566, ARG,  0.5968,  -0.0468,   0.0508, 0
A, 2567, CYS,  1.3381,   0.3664,   0.2358, 0
A, 2568, LEU,  0.8557,   0.0975,   0.1043, 0
A, 2569, ASN,  0.3850,  -0.1649,   0.0220, 0
A, 2570, PRO,  0.7830,   0.0570,   0.0874, 0
A, 2571, GLU,  0.3347,  -0.1929,   0.0171, 0
A, 2572, ARG,  1.1966,   0.2875,   0.1953, 0
A, 2573, VAL,  0.5345,  -0.0815,   0.0410, 0
A, 2574, LEU,  0.0610,  -0.3454,   0.0013, 0
A, 2575, LEU,  0.1461,  -0.2980,   0.0042, 0
A, 2576, GLN,  1.8328,   0.6421,   0.3721, 1
A, 2577, LEU,  0.2009,  -0.2675,   0.0069, 0
A, 2578, LYS,  0.2304,  -0.2510,   0.0087, 0
A, 2579, TYR,  0.8794,   0.1107,   0.1101, 1
A, 2580, ARG,  0.9770,   0.1651,   0.1349, 1
A, 2581, TYR,  0.3310,  -0.1950,   0.0167, 0
A, 2582, ASP,  0.0886,  -0.3301,   0.0020, 0
A, 2583, VAL,  0.3954,  -0.1590,   0.0231, 1
A, 2584, GLU,  0.5607,  -0.0669,   0.0449, 0
A, 2585, ILE,  0.4757,  -0.1143,   0.0326, 0
A, 2586, ASP,  0.1361,  -0.3036,   0.0037, 0
A, 2587, ASN,  0.1539,  -0.2937,   0.0045, 0
A, 2588, SER,  0.0962,  -0.3258,   0.0022, 0
A, 2589, ARG,  0.5466,  -0.0748,   0.0428, 0
A, 2590, ARG,  0.8515,   0.0952,   0.1032, 0
A, 2591, SER,  0.7972,   0.0649,   0.0905, 0
A, 2592, ALA,  0.7679,   0.0486,   0.0840, 0
A, 2593, LEU,  0.3874,  -0.1635,   0.0222, 0
A, 2594, LYS,  0.4104,  -0.1507,   0.0247, 0
A, 2595, LYS,  0.2365,  -0.2476,   0.0092, 0
A, 2596, ILE,  0.0876,  -0.3306,   0.0020, 0
A, 2597, LEU,  0.3042,  -0.2099,   0.0143, 0
A, 2598, GLU,  0.0495,  -0.3518,   0.0010, 0
A, 2599, ARG,  0.0985,  -0.3246,   0.0023, 0
A, 2600, ASP,  0.0391,  -0.3577,   0.0008, 0
A, 2601, ASP,  0.0801,  -0.3348,   0.0017, 0
A, 2602, THR,  0.0703,  -0.3403,   0.0015, 0
A, 2603, ALA,  0.1066,  -0.3200,   0.0026, 0
A, 2604, ALA,  0.3518,  -0.1834,   0.0186, 3
A, 2605, LYS,  0.3234,  -0.1992,   0.0160, 3
A, 2606, THR,  0.1536,  -0.2939,   0.0045, 0
A, 2607, LEU,  0.2010,  -0.2674,   0.0069, 0
A, 2608, VAL,  0.5406,  -0.0782,   0.0419, 0
A, 2609, LEU,  0.3346,  -0.1929,   0.0170, 0
A, 2610, CYS,  4.7893,   2.2901,   0.8098, 1
A, 2611, ILE,  1.4418,   0.4242,   0.2660, 0
A, 2612, SER,  0.1929,  -0.2720,   0.0065, 0
A, 2613, ASP,  0.1101,  -0.3181,   0.0027, 5
A, 2614, ILE,  0.1625,  -0.2889,   0.0049, 0
A, 2637, VAL,  0.0806,  -0.3346,   0.0018, 0
A, 2638, ASP,  0.0377,  -0.3585,   0.0008, 0
A, 2639, THR,  0.0639,  -0.3438,   0.0013, 0
A, 2640, ILE,  0.1950,  -0.2708,   0.0066, 0
A, 2641, GLU,  0.6182,  -0.0349,   0.0544, 5
A, 2642, LEU,  0.0761,  -0.3370,   0.0016, 0
A, 2643, THR,  3.1424,   1.3721,   0.6328, 1
A, 2644, ASP,  2.3992,   0.9578,   0.5016, 1
A, 2645, GLY,  3.1798,   1.3929,   0.6385, 1
A, 2646, TRP,  2.1496,   0.8187,   0.4476, 1
A, 2647, TYR,  0.7200,   0.0218,   0.0738, 0
A, 2648, ALA,  0.7199,   0.0218,   0.0738, 5
A, 2649, VAL,  0.5071,  -0.0968,   0.0369, 0
A, 2650, ARG,  0.3516,  -0.1835,   0.0186, 0
A, 2651, ALA,  0.0321,  -0.3616,   0.0007, 0
A, 2652, GLN,  0.0384,  -0.3581,   0.0008, 0
A, 2653, LEU,  0.2322,  -0.2500,   0.0089, 0
A, 2654, ASP,  0.0992,  -0.3242,   0.0023, 0
A, 2655, PRO,  0.0769,  -0.3366,   0.0017, 0
A, 2656, PRO,  0.5868,  -0.0524,   0.0492, 0
A, 2657, LEU,  0.8673,   0.1040,   0.1071, 0
A, 2658, MET,  0.1338,  -0.3049,   0.0036, 0
A, 2659, ALA,  0.1133,  -0.3163,   0.0028, 0
A, 2660, LEU,  1.0933,   0.2300,   0.1663, 0
A, 2661, VAL,  0.2241,  -0.2545,   0.0083, 0
A, 2662, LYS,  0.0603,  -0.3459,   0.0012, 0
A, 2663, SER,  0.0424,  -0.3558,   0.0009, 0
A, 2664, GLY,  0.0264,  -0.3648,   0.0006, 0
A, 2665, LYS,  0.1990,  -0.2685,   0.0068, 0
A, 2666, LEU,  0.6633,  -0.0097,   0.0625, 0
A, 2667, THR,  0.0978,  -0.3250,   0.0023, 0
A, 2668, VAL,  1.1579,   0.2659,   0.1844, 1
A, 2669, GLY,  3.5983,   1.6262,   0.6958, 1
A, 2670, GLN,  1.4736,   0.4419,   0.2751, 0
A, 2671, LYS,  3.6818,   1.6728,   0.7061, 1
A, 2672, ILE,  0.5025,  -0.0994,   0.0363, 0
A, 2673, ILE,  1.1190,   0.2443,   0.1736, 7
A, 2674, THR,  0.1721,  -0.2835,   0.0054, 0
A, 2675, GLN,  1.7024,   0.5694,   0.3382, 3
A, 2676, GLY,  1.6743,   0.5538,   0.3305, 3
A, 2677, ALA,  0.9546,   0.1526,   0.1290, 0
A, 2678, GLU,  0.1345,  -0.3045,   0.0036, 0
A, 2679, LEU,  0.1153,  -0.3152,   0.0029, 0
A, 2680, VAL,  0.0627,  -0.3445,   0.0013, 0
A, 2681, GLY,  0.0505,  -0.3513,   0.0010, 0
A, 2682, SER,  0.1981,  -0.2690,   0.0067, 0
A, 2683, PRO,  0.0395,  -0.3574,   0.0008, 0
A, 2684, ASP,  0.0598,  -0.3461,   0.0012, 0
A, 2685, ALA,  0.0592,  -0.3465,   0.0012, 0
A, 2686, CYS,  0.3029,  -0.2106,   0.0142, 0
A, 2687, ALA,  0.1286,  -0.3078,   0.0034, 0
A, 2688, PRO,  0.5532,  -0.0711,   0.0438, 0
A, 2689, LEU,  1.0094,   0.1832,   0.1435, 5
A, 2690, GLU,  1.0544,   0.2083,   0.1556, 5
A, 2691, ALA,  0.3322,  -0.1943,   0.0168, 0
A, 2692, PRO,  0.3450,  -0.1872,   0.0180, 0
A, 2693, ASP,  0.1119,  -0.3171,   0.0028, 0
A, 2694, SER,  0.0411,  -0.3566,   0.0008, 0
A, 2695, LEU,  0.3168,  -0.2029,   0.0154, 0
A, 2696, ARG,  0.2355,  -0.2482,   0.0091, 0
A, 2697, LEU,  0.0471,  -0.3532,   0.0010, 0
A, 2698, LYS,  0.1898,  -0.2736,   0.0063, 0
A, 2699, ILE,  0.2721,  -0.2278,   0.0117, 0
A, 2700, SER,  0.3622,  -0.1776,   0.0196, 3
A, 2701, ALA,  0.6564,  -0.0136,   0.0612, 0
A, 2702, ASN,  0.5668,  -0.0636,   0.0459, 0
A, 2703, SER,  1.4412,   0.4238,   0.2658, 3
A, 2704, THR,  0.9452,   0.1474,   0.1266, 0
A, 2705, ARG,  1.0828,   0.2241,   0.1634, 0
A, 2706, PRO,  1.1458,   0.2592,   0.1810, 0
A, 2707, ALA,  0.6415,  -0.0219,   0.0585, 0
A, 2708, ARG,  0.7551,   0.0414,   0.0812, 0
A, 2709, TRP,  2.2258,   0.8612,   0.4650, 1
A, 2710, HIS,  0.3120,  -0.2055,   0.0150, 4
A, 2711, SER,  0.7319,   0.0285,   0.0763, 0
A, 2712, ARG,  0.5175,  -0.0910,   0.0384, 1
A, 2713, LEU,  4.7636,   2.2758,   0.8078, 1
A, 2714, GLY,  0.6722,  -0.0048,   0.0642, 0
A, 2715, PHE,  0.5510,  -0.0723,   0.0434, 0
A, 2716, PHE,  1.2888,   0.3389,   0.2217, 7
A, 2717, ARG,  0.5626,  -0.0659,   0.0452, 0
A, 2718, ASP,  0.1656,  -0.2872,   0.0050, 7
A, 2719, PRO,  0.2940,  -0.2156,   0.0135, 3
A, 2720, ARG,  0.3499,  -0.1844,   0.0185, 0
A, 2721, PRO,  1.3908,   0.3958,   0.2511, 3
A, 2722, PHE,  0.7153,   0.0192,   0.0728, 7
A, 2723, PRO,  0.3047,  -0.2096,   0.0144, 0
A, 2724, LEU,  0.3235,  -0.1992,   0.0160, 0
A, 2725, PRO,  0.2232,  -0.2551,   0.0083, 0
A, 2726, LEU,  0.1011,  -0.3231,   0.0024, 0
A, 2727, SER,  0.1306,  -0.3066,   0.0035, 0
A, 2728, SER,  0.3917,  -0.1611,   0.0227, 0
A, 2729, LEU,  0.2640,  -0.2323,   0.0111, 0
A, 2730, PHE,  0.9681,   0.1602,   0.1326, 0
A, 2731, SER,  0.1915,  -0.2727,   0.0064, 0
A, 2732, ASP,  0.1705,  -0.2844,   0.0053, 0
A, 2733, GLY,  0.1065,  -0.3201,   0.0026, 0
A, 2734, GLY,  0.1800,  -0.2791,   0.0058, 0
A, 2735, ASN,  1.1490,   0.2610,   0.1819, 3
A, 2736, VAL,  0.9728,   0.1628,   0.1338, 0
A, 2737, GLY,  1.5939,   0.5090,   0.3086, 3
A, 2738, CYS,  0.8282,   0.0822,   0.0978, 0
A, 2739, VAL,  0.0458,  -0.3539,   0.0009, 0
A, 2740, ASP,  0.1498,  -0.2960,   0.0043, 0
A, 2741, ILE,  0.1156,  -0.3150,   0.0029, 0
A, 2742, ILE,  0.0386,  -0.3579,   0.0008, 0
A, 2743, VAL,  0.0766,  -0.3368,   0.0016, 0
A, 2744, GLN,  0.2863,  -0.2199,   0.0129, 0
A, 2745, ARG,  0.5540,  -0.0706,   0.0439, 0
A, 2746, VAL,  0.4947,  -0.1037,   0.0352, 0
A, 2747, TYR,  3.2097,   1.4096,   0.6430, 2
A, 2748, PRO,  0.7376,   0.0317,   0.0775, 0
A, 2749, LEU,  1.5882,   0.5058,   0.3070, 0
A, 2750, GLN,  0.7564,   0.0421,   0.0815, 2
A, 2751, TRP,  0.3512,  -0.1837,   0.0186, 0
A, 2752, VAL,  0.5837,  -0.0541,   0.0487, 6
A, 2753, GLU,  0.0906,  -0.3290,   0.0020, 0
A, 2754, LYS,  0.6347,  -0.0257,   0.0573, 0
A, 2755, THR,  0.0747,  -0.3378,   0.0016, 0
A, 2756, VAL,  0.0508,  -0.3511,   0.0010, 0
A, 2757, SER,  0.0189,  -0.3689,   0.0005, 0
A, 2758, GLY,  0.0291,  -0.3632,   0.0006, 0
A, 2759, LEU,  0.0584,  -0.3469,   0.0012, 0
A, 2760, TYR,  1.0211,   0.1897,   0.1466, 6
A, 2761, ILE,  0.1441,  -0.2992,   0.0041, 0
A, 2762, PHE,  1.4149,   0.4092,   0.2582, 2
A, 2763, ARG,  0.1471,  -0.2975,   0.0042, 0
A, 2764, SER,  0.7524,   0.0399,   0.0806, 0
A, 2765, GLU,  0.7426,   0.0345,   0.0785, 0
A, 2766, ARG,  0.7446,   0.0356,   0.0790, 0
A, 2767, GLU,  0.3578,  -0.1801,   0.0192, 0
A, 2768, GLU,  0.0747,  -0.3378,   0.0016, 0
A, 2769, GLU,  0.0468,  -0.3534,   0.0009, 0
A, 2770, LYS,  0.0384,  -0.3581,   0.0008, 0
A, 2771, GLU,  0.1060,  -0.3204,   0.0025, 0
A, 2772, ALA,  0.0886,  -0.3301,   0.0020, 0
A, 2773, LEU,  0.0369,  -0.3589,   0.0008, 0
A, 2774, ARG,  0.1360,  -0.3037,   0.0037, 0
A, 2775, PHE,  0.1575,  -0.2917,   0.0047, 0
A, 2776, ALA,  0.0501,  -0.3516,   0.0010, 0
A, 2777, GLU,  0.0282,  -0.3637,   0.0006, 0
A, 2778, ALA,  0.0596,  -0.3462,   0.0012, 0
A, 2779, GLN,  0.0692,  -0.3409,   0.0015, 0
A, 2780, GLN,  0.0281,  -0.3638,   0.0006, 0
A, 2781, LYS,  0.0105,  -0.3736,   0.0004, 0
A, 2782, LYS,  0.0564,  -0.3480,   0.0012, 0
A, 2783, LEU,  0.2455,  -0.2426,   0.0098, 0
A, 2784, GLU,  0.0826,  -0.3334,   0.0018, 0
A, 2785, ALA,  0.0240,  -0.3661,   0.0005, 0
A, 2786, LEU,  0.2163,  -0.2589,   0.0078, 0
A, 2787, PHE,  0.3512,  -0.1837,   0.0186, 0
A, 2788, THR,  0.0866,  -0.3312,   0.0019, 0
A, 2789, LYS,  0.0897,  -0.3295,   0.0020, 0
A, 2790, VAL,  0.1680,  -0.2858,   0.0052, 0
A, 2791, HIS,  0.2606,  -0.2342,   0.0109, 0
A, 2792, THR,  0.0630,  -0.3443,   0.0013, 0
A, 2882, LEU,  0.0768,  -0.3367,   0.0017, 0
A, 2883, SER,  0.0598,  -0.3461,   0.0012, 0
A, 2884, ARG,  0.1408,  -0.3010,   0.0039, 0
A, 2885, ASP,  0.0295,  -0.3630,   0.0006, 0
A, 2886, VAL,  0.0827,  -0.3334,   0.0018, 0
A, 2887, THR,  0.3729,  -0.1716,   0.0207, 0
A, 2888, THR,  0.2478,  -0.2413,   0.0100, 0
A, 2889, VAL,  0.2764,  -0.2254,   0.0121, 0
A, 2890, TRP,  1.2305,   0.3064,   0.2049, 0
A, 2891, LYS,  2.8356,   1.2011,   0.5838, 2
A, 2892, LEU,  0.0766,  -0.3368,   0.0016, 0
A, 2893, ARG,  2.0252,   0.7494,   0.4194, 0
A, 2894, VAL,  0.1197,  -0.3127,   0.0030, 0
A, 2895, THR,  0.1303,  -0.3068,   0.0035, 0
A, 2896, SER,  0.1416,  -0.3005,   0.0040, 0
A, 2897, TYR,  0.1715,  -0.2839,   0.0053, 0
A, 2898, LYS,  0.2113,  -0.2617,   0.0075, 0
A, 2899, LYS,  0.3588,  -0.1795,   0.0193, 0
A, 2900, LYS,  0.1096,  -0.3184,   0.0027, 0
A, 2901, GLU,  0.1885,  -0.2744,   0.0062, 0
A, 2902, LYS,  0.2557,  -0.2369,   0.0105, 0
A, 2903, SER,  0.2322,  -0.2500,   0.0089, 0
A, 2904, ALA,  0.1067,  -0.3200,   0.0026, 0
A, 2905, LEU,  2.7795,   1.1698,   0.5742, 2
A, 2906, LEU,  0.0816,  -0.3340,   0.0018, 0
A, 2907, SER,  0.3491,  -0.1849,   0.0184, 6
A, 2908, ILE,  0.3512,  -0.1837,   0.0186, 0
A, 2909, TRP,  1.5413,   0.4797,   0.2942, 6
A, 2910, ARG,  0.4461,  -0.1308,   0.0290, 0
A, 2911, PRO,  1.0816,   0.2234,   0.1631, 0
A, 2912, SER,  1.0297,   0.1945,   0.1489, 0
A, 2913, SER,  0.3421,  -0.1888,   0.0178, 0
A, 2914, ASP,  0.1115,  -0.3173,   0.0027, 0
A, 2915, LEU,  1.1213,   0.2456,   0.1742, 0
A, 2916, SER,  1.3236,   0.3583,   0.2317, 0
A, 2917, SER,  0.0820,  -0.3337,   0.0018, 0
A, 2918, LEU,  0.1680,  -0.2858,   0.0052, 0
A, 2919, LEU,  0.2395,  -0.2459,   0.0094, 0
A, 2920, THR,  0.0329,  -0.3611,   0.0007, 0
A, 2921, GLU,  0.4561,  -0.1252,   0.0302, 0
A, 2922, GLY,  0.0662,  -0.3426,   0.0014, 0
A, 2923, LYS,  0.0459,  -0.3539,   0.0009, 0
A, 2924, ARG,  0.1374,  -0.3029,   0.0038, 0
A, 2925, TYR,  0.1685,  -0.2855,   0.0052, 0
A, 2926, ARG,  0.1831,  -0.2774,   0.0059, 0
A, 2927, ILE,  0.0816,  -0.3340,   0.0018, 0
A, 2928, TYR,  0.1705,  -0.2844,   0.0053, 0
A, 2929, HIS,  1.7122,   0.5749,   0.3408, 3
A, 2930, LEU,  0.0556,  -0.3485,   0.0011, 0
A, 2931, ALA,  0.0629,  -0.3444,   0.0013, 0
A, 2932, VAL,  0.0689,  -0.3410,   0.0015, 0
A, 2933, SER,  0.1110,  -0.3176,   0.0027, 0
A, 2934, LYS,  0.1371,  -0.3030,   0.0038, 0
A, 2935, SER,  0.1891,  -0.2740,   0.0062, 0
A, 2936, LYS,  0.3967,  -0.1584,   0.0232, 2
A, 2937, SER,  3.0169,   1.3022,   0.6139, 2
A, 2938, LYS,  0.3479,  -0.1855,   0.0183, 2
A, 2939, PHE,  3.1516,   1.3773,   0.6342, 2
A, 2940, GLU,  3.3765,   1.5026,   0.6664, 2
A, 2941, ARG,  0.3195,  -0.2014,   0.0156, 0
A, 2942, PRO,  0.1934,  -0.2716,   0.0065, 0
A, 2943, SER,  0.2690,  -0.2295,   0.0115, 0
A, 2944, ILE,  0.2187,  -0.2575,   0.0080, 0
A, 2945, GLN,  0.8784,   0.1101,   0.1098, 2
A, 2946, LEU,  0.0964,  -0.3258,   0.0022, 0
A, 2947, THR,  0.3535,  -0.1824,   0.0188, 6
A, 2948, ALA,  0.2197,  -0.2570,   0.0081, 0
A, 2949, THR,  0.2312,  -0.2506,   0.0088, 0
A, 2950, LYS,  0.2569,  -0.2363,   0.0106, 0
A, 2951, ARG,  0.3163,  -0.2032,   0.0154, 3
A, 2952, THR,  0.3395,  -0.1902,   0.0175, 0
A, 2953, GLN,  0.2638,  -0.2324,   0.0111, 0
A, 2954, TYR,  0.5268,  -0.0858,   0.0398, 0
A, 2955, GLN,  0.1803,  -0.2789,   0.0058, 0
A, 2956, GLN,  0.0959,  -0.3260,   0.0022, 0
A, 2957, LEU,  0.1110,  -0.3176,   0.0027, 0
A, 2958, PRO,  0.0747,  -0.3378,   0.0016, 0
A, 2959, VAL,  0.0553,  -0.3486,   0.0011, 0
A, 2960, SER,  0.0553,  -0.3486,   0.0011, 0
A, 2961, SER,  0.0964,  -0.3257,   0.0022, 0
A, 2962, GLU,  0.0127,  -0.3724,   0.0004, 0
A, 2963, THR,  0.0598,  -0.3461,   0.0012, 0
A, 2964, LEU,  0.1968,  -0.2697,   0.0067, 0
A, 2965, LEU,  0.1466,  -0.2978,   0.0042, 0
A, 2966, GLN,  0.1400,  -0.3014,   0.0039, 0
A, 2967, VAL,  0.1737,  -0.2827,   0.0054, 0
A, 2968, TYR,  0.3737,  -0.1712,   0.0208, 0
A, 2969, GLN,  0.6916,   0.0061,   0.0680, 0
A, 2970, PRO,  0.4239,  -0.1432,   0.0263, 0
A, 2971, ARG,  0.9184,   0.1324,   0.1199, 0
A, 2972, GLU,  0.7614,   0.0450,   0.0826, 0
A, 2973, SER,  0.2416,  -0.2448,   0.0095, 0
A, 2974, LEU,  0.4948,  -0.1036,   0.0352, 0
A, 2975, HIS,  0.2857,  -0.2202,   0.0128, 0
A, 2976, PHE,  0.1810,  -0.2786,   0.0058, 0
A, 2977, SER,  0.2492,  -0.2406,   0.0100, 0
A, 2978, ARG,  0.6634,  -0.0097,   0.0625, 0
A, 2979, LEU,  0.7062,   0.0142,   0.0709, 0
A, 2980, SER,  0.1648,  -0.2876,   0.0050, 0
A, 2981, ASP,  0.1842,  -0.2768,   0.0060, 0
A, 2982, PRO,  0.0145,  -0.3714,   0.0004, 0
A, 2983, ALA,  0.0164,  -0.3703,   0.0004, 0
A, 2984, PHE,  1.2948,   0.3423,   0.2234, 0
A, 2985, GLN,  0.2997,  -0.2124,   0.0139, 0
A, 2986, PRO,  1.2586,   0.3221,   0.2130, 0
A, 2987, PRO,  0.9477,   0.1488,   0.1272, 0
A, 2988, CYS,  0.3207,  -0.2007,   0.0158, 0
A, 2989, SER,  0.5424,  -0.0771,   0.0422, 0
A, 2990, GLU,  3.3592,   1.4930,   0.6641, 2
A, 2991, VAL,  0.7349,   0.0302,   0.0769, 0
A, 2992, ASP,  0.9650,   0.1584,   0.1318, 0
A, 2993, VAL,  0.0329,  -0.3611,   0.0007, 0
A, 2994, VAL,  0.0000,  -0.3795,   0.0002, 0
A, 2995, GLY,  0.0000,  -0.3795,   0.0002, 0
A, 2996, VAL,  0.0828,  -0.3333,   0.0018, 0
A, 2997, VAL,  0.1964,  -0.2700,   0.0067, 0
A, 2998, VAL,  0.2690,  -0.2295,   0.0115, 0
A, 2999, SER,  0.3584,  -0.1797,   0.0193, 0
A, 3000, VAL,  0.1790,  -0.2797,   0.0057, 0
A, 3001, VAL,  0.5893,  -0.0510,   0.0496, 0
A, 3002, LYS,  0.1301,  -0.3069,   0.0035, 0
A, 3003, PRO,  0.1637,  -0.2882,   0.0049, 0
A, 3004, ILE,  0.0621,  -0.3448,   0.0013, 0
A, 3005, GLY,  0.0231,  -0.3666,   0.0005, 0
A, 3006, LEU,  0.1043,  -0.3213,   0.0025, 0
A, 3007, ALA,  0.1264,  -0.3090,   0.0033, 0
A, 3008, PRO,  0.0941,  -0.3270,   0.0021, 0
A, 3009, LEU,  0.2658,  -0.2313,   0.0112, 0
A, 3010, VAL,  0.1500,  -0.2958,   0.0043, 0
A, 3011, TYR,  0.6198,  -0.0340,   0.0547, 0
A, 3012, LEU,  0.1476,  -0.2972,   0.0042, 0
A, 3013, SER,  0.0259,  -0.3650,   0.0006, 0
A, 3014, ASP,  0.1679,  -0.2859,   0.0051, 0
A, 3015, GLU,  0.2181,  -0.2579,   0.0079, 0
A, 3016, CYS,  0.2606,  -0.2342,   0.0109, 0
A, 3017, LEU,  0.1674,  -0.2862,   0.0051, 0
A, 3018, ASN,  0.3627,  -0.1773,   0.0197, 0
A, 3019, LEU,  0.2582,  -0.2355,   0.0107, 0
A, 3020, LEU,  0.1423,  -0.3002,   0.0040, 0
A, 3021, VAL,  0.0767,  -0.3367,   0.0016, 0
A, 3022, VAL,  0.1476,  -0.2972,   0.0042, 0
A, 3023, LYS,  0.1136,  -0.3161,   0.0028, 0
A, 3024, PHE,  0.2015,  -0.2672,   0.0069, 0
A, 3025, GLY,  0.2989,  -0.2129,   0.0139, 2
A, 3026, ILE,  0.8103,   0.0722,   0.0936, 0
A, 3027, ASP,  0.2515,  -0.2393,   0.0102, 0
A, 3028, LEU,  0.2033,  -0.2662,   0.0070, 0
A, 3029, ASN,  0.6521,  -0.0160,   0.0604, 0
A, 3030, GLU,  0.0377,  -0.3585,   0.0008, 0
A, 3031, ASP,  0.0355,  -0.3596,   0.0007, 0
A, 3032, ILE,  0.1666,  -0.2866,   0.0051, 0
A, 3033, LYS,  0.0400,  -0.3572,   0.0008, 0
A, 3034, PRO,  0.1019,  -0.3227,   0.0024, 0
A, 3035, ARG,  0.2266,  -0.2532,   0.0085, 0
A, 3036, VAL,  0.1682,  -0.2857,   0.0052, 0
A, 3037, LEU,  0.2209,  -0.2563,   0.0081, 0
A, 3038, ILE,  0.1930,  -0.2719,   0.0065, 0
A, 3039, ALA,  0.1481,  -0.2969,   0.0042, 0
A, 3040, ALA,  0.2044,  -0.2655,   0.0071, 0
A, 3041, SER,  0.6193,  -0.0343,   0.0546, 0
A, 3042, ASN,  1.0834,   0.2244,   0.1636, 0
A, 3043, LEU,  0.1200,  -0.3126,   0.0031, 0
A, 3044, GLN,  2.2433,   0.8709,   0.4688, 2
A, 3045, CYS,  0.7368,   0.0312,   0.0773, 0
A, 3046, GLN,  0.8384,   0.0878,   0.1001, 0
A, 3047, PRO,  0.6886,   0.0043,   0.0674, 0
A, 3048, GLU,  0.0638,  -0.3439,   0.0013, 0
A, 3049, SER,  0.1303,  -0.3069,   0.0035, 0
A, 3050, THR,  0.3367,  -0.1918,   0.0172, 0
A, 3051, SER,  0.0718,  -0.3395,   0.0015, 0
A, 3052, GLY,  0.1985,  -0.2688,   0.0068, 0
A, 3053, VAL,  0.2220,  -0.2557,   0.0082, 0
A, 3054, PRO,  0.2582,  -0.2356,   0.0107, 0
A, 3055, THR,  0.2739,  -0.2268,   0.0119, 0
A, 3056, LEU,  0.1609,  -0.2898,   0.0048, 0
A, 3057, PHE,  0.4140,  -0.1487,   0.0251, 2
A, 3058, ALA,  0.2604,  -0.2343,   0.0108, 0
A, 3059, CYS,  4.0598,   1.8835,   0.7477, 2
A, 3060, HIS,  1.7475,   0.5946,   0.3503, 2
A, 3061, PHE,  4.6828,   2.2307,   0.8015, 2
A, 3062, SER,  0.8044,   0.0689,   0.0922, 0
A, 3063, ILE,  1.3899,   0.3953,   0.2508, 0
A, 3064, PHE,  0.7628,   0.0457,   0.0829, 0
A, 3065, SER,  0.1652,  -0.2874,   0.0050, 0
A, 3066, ALA,  0.1221,  -0.3114,   0.0031, 0
A, 3067, SER,  0.1527,  -0.2944,   0.0044, 0
A, 3068, PRO,  0.1480,  -0.2970,   0.0042, 0
A, 3069, LYS,  0.0985,  -0.3246,   0.0023, 0
A, 3070, GLU,  0.6646,  -0.0090,   0.0627, 0
A, 3071, ALA,  0.0273,  -0.3642,   0.0006, 0
A, 3072, TYR,  0.5379,  -0.0796,   0.0415, 0
A, 3073, PHE,  0.4374,  -0.1356,   0.0280, 0
A, 3074, GLN,  0.0707,  -0.3401,   0.0015, 0
A, 3075, GLU,  0.0274,  -0.3642,   0.0006, 0
A, 3076, LYS,  0.1756,  -0.2816,   0.0055, 0
A, 3077, VAL,  0.0953,  -0.3264,   0.0022, 0
A, 3078, ASN,  0.0722,  -0.3392,   0.0015, 0
A, 3079, ASN,  0.0629,  -0.3444,   0.0013, 0
A, 3080, LEU,  0.0310,  -0.3622,   0.0007, 0
A, 3081, LYS,  0.2143,  -0.2600,   0.0077, 0
A, 3082, HIS,  0.0176,  -0.3696,   0.0005, 0
A, 3083, ALA,  0.0461,  -0.3537,   0.0009, 0
A, 3084, ILE,  0.1319,  -0.3059,   0.0035, 0
A, 3085, GLU,  0.0097,  -0.3741,   0.0003, 0
A, 3086, ASN,  0.0419,  -0.3561,   0.0009, 0
A, 3087, ILE,  0.0430,  -0.3555,   0.0009, 0
A, 3089, ASP,  0.0221,  -0.3671,   0.0005, 0
A, 3090, THR,  0.0236,  -0.3663,   0.0005, 0
A, 3091, PHE,  0.0758,  -0.3372,   0.0016, 0
A, 3092, TYR,  0.1699,  -0.2847,   0.0052, 0
A, 3093, LYS,  0.0668,  -0.3422,   0.0014, 0
A, 3094, GLU,  0.0419,  -0.3561,   0.0009, 0
A, 3095, ALA,  0.0513,  -0.3509,   0.0010, 0
A, 3096, GLU,  0.1166,  -0.3145,   0.0029, 0
A, 3097, LYS,  0.0515,  -0.3508,   0.0010, 0
A, 3098, LYS,  0.2693,  -0.2294,   0.0115, 0
A, 3099, LEU,  0.4189,  -0.1460,   0.0257, 0
A, 3100, ILE,  0.1081,  -0.3192,   0.0026, 0
A, 3101, HIS,  0.1410,  -0.3009,   0.0039, 0
A, 3102, VAL,  0.2764,  -0.2254,   0.0121, 0
A, 3103, LEU,  0.4652,  -0.1201,   0.0313, 0
A, 3104, GLU,  0.0194,  -0.3686,   0.0005, 0
A, 3105, GLY,  0.0148,  -0.3712,   0.0004, 0
A, 3106, ASP,  0.0166,  -0.3702,   0.0004, 0
A, 3107, SER,  0.0099,  -0.3740,   0.0004, 0
A, 3108, PRO,  0.0176,  -0.3696,   0.0005, 0
A, 3109, LYS,  0.0212,  -0.3676,   0.0005, 0
A, 3110, TRP,  0.0142,  -0.3715,   0.0004, 0
